Year,Month,Actual Temperature
1796,1,15.41
1796,2,17.931
1796,3,21.468
1796,4,28.666
1796,5,33.582
1796,6,34.202
1796,7,30.794
1796,8,30.123
1796,9,28.925
1796,10,25.989
1796,11,19.897
1796,12,13.369
1797,1,
1797,2,
1797,3,22.58
1797,4,28.185
1797,5,32.96
1797,6,34.302
1797,7,30.523
1797,8,29.909
1797,9,28.966
1797,10,25.692
1797,11,19.451
1797,12,15.32
1798,1,14.749
1798,2,17.778
1798,3,24.202
1798,4,
1798,5,
1798,6,33.596
1798,7,31.655
1798,8,30.521
1798,9,28.473
1798,10,25.693
1798,11,20.544
1798,12,14.384
1799,1,14.201
1799,2,15.679
1799,3,21.63
1799,4,29.307
1799,5,33.592
1799,6,33.832
1799,7,30.906
1799,8,29.52
1799,9,28.816
1799,10,26.281
1799,11,
1799,12,14.003
1800,1,13.938
1800,2,16.947
1800,3,22.437
1800,4,29.943
1800,5,32.817
1800,6,33.518
1800,7,30.411
1800,8,29.428
1800,9,28.071
1800,10,26.197
1800,11,20.539
1800,12,15.263
1801,1,15.331
1801,2,17.927
1801,3,24.646
1801,4,
1801,5,
1801,6,33.232
1801,7,31.102
1801,8,28.948
1801,9,28.759
1801,10,27.097
1801,11,20.245
1801,12,16.397
1802,1,15.883
1802,2,18.808
1802,3,24.577
1802,4,29.784
1802,5,32.554
1802,6,33.925
1802,7,31.236
1802,8,29.305
1802,9,29.485
1802,10,26.172
1802,11,19.769
1802,12,14.877
1803,1,13.306
1803,2,16.716
1803,3,23.075
1803,4,29.88
1803,5,33.856
1803,6,33.948
1803,7,31.406
1803,8,30.574
1803,9,29.524
1803,10,26.811
1803,11,20.409
1803,12,14.912
1804,1,14.419
1804,2,16.81
1804,3,22.404
1804,4,30.526
1804,5,34.241
1804,6,33.93
1804,7,32.566
1804,8,29.902
1804,9,29.375
1804,10,25.949
1804,11,21.485
1804,12,14.659
1805,1,14.775
1805,2,17.203
1805,3,23.694
1805,4,28.918
1805,5,33.666
1805,6,34.271
1805,7,31.064
1805,8,30.615
1805,9,28.772
1805,10,24.539
1805,11,19.372
1805,12,16.168
1806,1,14.643
1806,2,17.096
1806,3,22.573
1806,4,28.95
1806,5,33.653
1806,6,32.373
1806,7,30.69
1806,8,30.204
1806,9,29.615
1806,10,25.509
1806,11,19.946
1806,12,15.696
1807,1,12.976
1807,2,17.217
1807,3,
1807,4,
1807,5,31.321
1807,6,33.63
1807,7,31.218
1807,8,29.244
1807,9,29.487
1807,10,25.629
1807,11,20.538
1807,12,16.25
1808,1,
1808,2,
1808,3,
1808,4,
1808,5,
1808,6,
1808,7,
1808,8,
1808,9,
1808,10,
1808,11,
1808,12,
1809,1,
1809,2,
1809,3,
1809,4,
1809,5,
1809,6,
1809,7,
1809,8,
1809,9,
1809,10,
1809,11,
1809,12,
1810,1,
1810,2,
1810,3,
1810,4,
1810,5,
1810,6,
1810,7,
1810,8,
1810,9,
1810,10,
1810,11,
1810,12,
1811,1,
1811,2,
1811,3,
1811,4,
1811,5,
1811,6,
1811,7,
1811,8,
1811,9,
1811,10,
1811,11,
1811,12,
1812,1,
1812,2,
1812,3,
1812,4,
1812,5,
1812,6,
1812,7,
1812,8,
1812,9,
1812,10,
1812,11,
1812,12,
1813,1,11.22
1813,2,16.576
1813,3,20.438
1813,4,29.134
1813,5,33.802
1813,6,33.059
1813,7,31.0
1813,8,28.758
1813,9,28.957
1813,10,25.428
1813,11,20.939
1813,12,13.948
1814,1,13.55
1814,2,16.213
1814,3,20.704
1814,4,28.012
1814,5,
1814,6,33.103
1814,7,29.645
1814,8,28.603
1814,9,27.562
1814,10,24.521
1814,11,20.987
1814,12,17.524
1815,1,13.489
1815,2,16.637
1815,3,21.55
1815,4,28.097
1815,5,32.57
1815,6,31.113
1815,7,30.681
1815,8,29.066
1815,9,28.193
1815,10,24.093
1815,11,18.568
1815,12,13.162
1816,1,14.215
1816,2,14.067
1816,3,22.252
1816,4,28.418
1816,5,33.131
1816,6,32.36
1816,7,29.044
1816,8,28.338
1816,9,27.049
1816,10,22.89
1816,11,18.639
1816,12,13.866
1817,1,13.629
1817,2,17.507
1817,3,22.409
1817,4,29.17
1817,5,31.859
1817,6,31.34
1817,7,29.314
1817,8,28.924
1817,9,25.824
1817,10,23.691
1817,11,19.239
1817,12,13.358
1818,1,13.753
1818,2,16.095
1818,3,23.104
1818,4,30.186
1818,5,33.723
1818,6,33.606
1818,7,29.728
1818,8,28.555
1818,9,26.854
1818,10,23.802
1818,11,19.636
1818,12,14.314
1819,1,12.292
1819,2,15.966
1819,3,21.261
1819,4,27.616
1819,5,32.558
1819,6,32.683
1819,7,29.88
1819,8,28.465
1819,9,27.848
1819,10,25.065
1819,11,19.662
1819,12,13.614
1820,1,11.248
1820,2,15.969
1820,3,22.366
1820,4,29.686
1820,5,33.273
1820,6,33.01
1820,7,30.399
1820,8,28.352
1820,9,28.117
1820,10,24.468
1820,11,19.255
1820,12,13.741
1821,1,14.683
1821,2,18.275
1821,3,23.287
1821,4,29.12
1821,5,33.391
1821,6,32.84
1821,7,30.202
1821,8,28.89
1821,9,27.08
1821,10,24.782
1821,11,19.761
1821,12,14.682
1822,1,14.647
1822,2,18.675
1822,3,25.126
1822,4,28.845
1822,5,33.343
1822,6,33.057
1822,7,30.558
1822,8,28.798
1822,9,27.567
1822,10,24.506
1822,11,18.972
1822,12,13.388
1823,1,14.114
1823,2,17.296
1823,3,22.851
1823,4,29.338
1823,5,33.104
1823,6,33.511
1823,7,30.839
1823,8,28.62
1823,9,27.307
1823,10,24.907
1823,11,19.102
1823,12,14.497
1824,1,14.645
1824,2,17.101
1824,3,23.201
1824,4,29.415
1824,5,33.571
1824,6,33.691
1824,7,31.544
1824,8,29.088
1824,9,28.711
1824,10,24.658
1824,11,19.809
1824,12,15.999
1825,1,14.329
1825,2,17.185
1825,3,22.773
1825,4,29.794
1825,5,33.371
1825,6,33.613
1825,7,30.361
1825,8,28.762
1825,9,27.957
1825,10,25.149
1825,11,20.17
1825,12,14.665
1826,1,13.999
1826,2,16.149
1826,3,22.708
1826,4,29.414
1826,5,34.175
1826,6,33.216
1826,7,31.164
1826,8,28.818
1826,9,28.186
1826,10,25.532
1826,11,20.995
1826,12,16.238
1827,1,15.063
1827,2,17.749
1827,3,23.411
1827,4,30.079
1827,5,33.604
1827,6,33.533
1827,7,31.309
1827,8,29.312
1827,9,28.234
1827,10,25.363
1827,11,20.55
1827,12,14.876
1828,1,13.035
1828,2,16.377
1828,3,23.1
1828,4,29.387
1828,5,33.555
1828,6,33.894
1828,7,31.173
1828,8,29.312
1828,9,27.151
1828,10,25.449
1828,11,20.273
1828,12,14.278
1829,1,13.676
1829,2,16.08
1829,3,22.749
1829,4,28.789
1829,5,33.515
1829,6,32.991
1829,7,30.799
1829,8,29.075
1829,9,27.824
1829,10,25.588
1829,11,19.704
1829,12,14.681
1830,1,14.865
1830,2,18.093
1830,3,22.491
1830,4,29.45
1830,5,32.008
1830,6,33.013
1830,7,31.34
1830,8,29.106
1830,9,27.753
1830,10,25.184
1830,11,21.52
1830,12,16.046
1831,1,14.164
1831,2,17.085
1831,3,22.724
1831,4,28.715
1831,5,33.65
1831,6,33.346
1831,7,30.281
1831,8,28.255
1831,9,27.4
1831,10,24.742
1831,11,19.125
1831,12,14.292
1832,1,13.609
1832,2,15.987
1832,3,22.804
1832,4,29.15
1832,5,33.455
1832,6,33.39
1832,7,30.853
1832,8,28.65
1832,9,27.54
1832,10,25.148
1832,11,18.818
1832,12,
1833,1,13.914
1833,2,17.154
1833,3,22.582
1833,4,28.621
1833,5,32.627
1833,6,33.575
1833,7,30.758
1833,8,29.01
1833,9,28.213
1833,10,25.025
1833,11,20.664
1833,12,14.898
1834,1,12.456
1834,2,17.012
1834,3,23.328
1834,4,28.676
1834,5,33.665
1834,6,32.77
1834,7,30.789
1834,8,29.063
1834,9,28.367
1834,10,25.177
1834,11,20.486
1834,12,14.919
1835,1,14.2
1835,2,17.15
1835,3,21.978
1835,4,28.203
1835,5,32.195
1835,6,32.22
1835,7,29.724
1835,8,28.151
1835,9,27.223
1835,10,24.685
1835,11,18.539
1835,12,13.303
1836,1,13.48
1836,2,16.761
1836,3,22.766
1836,4,28.254
1836,5,32.853
1836,6,33.084
1836,7,30.419
1836,8,28.575
1836,9,28.186
1836,10,25.799
1836,11,18.816
1836,12,14.934
1837,1,14.248
1837,2,17.115
1837,3,21.994
1837,4,27.36
1837,5,32.804
1837,6,32.587
1837,7,30.377
1837,8,28.967
1837,9,28.354
1837,10,25.006
1837,11,19.202
1837,12,14.712
1838,1,12.249
1838,2,16.19
1838,3,21.526
1838,4,28.731
1838,5,32.431
1838,6,33.218
1838,7,31.286
1838,8,29.339
1838,9,28.406
1838,10,25.749
1838,11,19.923
1838,12,14.652
1839,1,14.183
1839,2,17.845
1839,3,20.862
1839,4,28.786
1839,5,32.783
1839,6,32.98
1839,7,31.203
1839,8,29.609
1839,9,28.007
1839,10,25.352
1839,11,18.503
1839,12,13.684
1840,1,14.832
1840,2,17.058
1840,3,22.37
1840,4,28.967
1840,5,33.312
1840,6,33.26
1840,7,31.409
1840,8,28.947
1840,9,28.043
1840,10,24.815
1840,11,18.825
1840,12,14.265
1841,1,13.496
1841,2,17.135
1841,3,21.305
1841,4,27.653
1841,5,32.738
1841,6,33.109
1841,7,31.14
1841,8,29.095
1841,9,28.114
1841,10,25.223
1841,11,19.018
1841,12,14.207
1842,1,13.698
1842,2,17.635
1842,3,23.117
1842,4,29.029
1842,5,33.084
1842,6,32.769
1842,7,30.579
1842,8,28.814
1842,9,27.824
1842,10,25.167
1842,11,19.573
1842,12,15.592
1843,1,14.487
1843,2,18.007
1843,3,22.294
1843,4,28.56
1843,5,32.401
1843,6,32.886
1843,7,30.76
1843,8,29.026
1843,9,28.095
1843,10,25.435
1843,11,19.113
1843,12,14.638
1844,1,13.601
1844,2,15.559
1844,3,22.323
1844,4,28.121
1844,5,32.12
1844,6,32.896
1844,7,30.362
1844,8,28.89
1844,9,27.775
1844,10,25.479
1844,11,19.3
1844,12,14.396
1845,1,14.203
1845,2,15.838
1845,3,22.6
1845,4,28.765
1845,5,33.032
1845,6,32.986
1845,7,30.949
1845,8,29.314
1845,9,28.334
1845,10,24.882
1845,11,19.459
1845,12,13.514
1846,1,14.972
1846,2,17.484
1846,3,23.888
1846,4,28.483
1846,5,33.18
1846,6,33.303
1846,7,31.526
1846,8,29.806
1846,9,28.552
1846,10,24.775
1846,11,19.734
1846,12,15.1
1847,1,14.779
1847,2,17.397
1847,3,22.227
1847,4,29.044
1847,5,32.876
1847,6,32.976
1847,7,30.918
1847,8,29.219
1847,9,28.428
1847,10,25.3
1847,11,19.659
1847,12,13.151
1848,1,13.039
1848,2,17.135
1848,3,22.273
1848,4,28.435
1848,5,32.58
1848,6,32.647
1848,7,30.984
1848,8,29.294
1848,9,28.152
1848,10,25.09
1848,11,19.237
1848,12,14.267
1849,1,13.151
1849,2,16.28
1849,3,22.665
1849,4,28.691
1849,5,32.774
1849,6,32.625
1849,7,30.722
1849,8,29.102
1849,9,28.142
1849,10,25.312
1849,11,19.773
1849,12,13.818
1850,1,12.976
1850,2,16.465
1850,3,22.348
1850,4,28.335
1850,5,32.435
1850,6,33.5
1850,7,31.296
1850,8,29.722
1850,9,28.712
1850,10,26.326
1850,11,20.175
1850,12,15.931
1851,1,13.219
1851,2,16.42
1851,3,22.379
1851,4,28.229
1851,5,33.292
1851,6,33.153
1851,7,30.94
1851,8,29.537
1851,9,28.766
1851,10,25.959
1851,11,19.5
1851,12,14.565
1852,1,13.954
1852,2,17.269
1852,3,21.41
1852,4,28.137
1852,5,32.93
1852,6,33.233
1852,7,31.059
1852,8,29.201
1852,9,28.635
1852,10,25.523
1852,11,18.898
1852,12,14.773
1853,1,12.634
1853,2,17.008
1853,3,22.641
1853,4,28.546
1853,5,33.348
1853,6,33.965
1853,7,31.787
1853,8,29.755
1853,9,28.813
1853,10,25.369
1853,11,19.055
1853,12,14.758
1854,1,13.99
1854,2,16.198
1854,3,22.757
1854,4,28.26
1854,5,33.432
1854,6,33.247
1854,7,31.466
1854,8,29.743
1854,9,28.599
1854,10,26.536
1854,11,20.273
1854,12,15.161
1855,1,14.343
1855,2,17.378
1855,3,
1855,4,29.475
1855,5,33.701
1855,6,33.419
1855,7,30.972
1855,8,29.597
1855,9,28.503
1855,10,25.402
1855,11,19.735
1855,12,14.199
1856,1,14.586
1856,2,16.845
1856,3,22.453
1856,4,28.686
1856,5,
1856,6,33.462
1856,7,30.867
1856,8,28.586
1856,9,27.921
1856,10,25.004
1856,11,19.751
1856,12,15.038
1857,1,13.562
1857,2,16.234
1857,3,22.078
1857,4,27.658
1857,5,32.224
1857,6,32.474
1857,7,30.509
1857,8,29.157
1857,9,28.419
1857,10,24.881
1857,11,19.529
1857,12,14.991
1858,1,
1858,2,
1858,3,
1858,4,
1858,5,
1858,6,
1858,7,
1858,8,
1858,9,
1858,10,
1858,11,
1858,12,
1859,1,
1859,2,
1859,3,
1859,4,
1859,5,
1859,6,
1859,7,
1859,8,
1859,9,
1859,10,
1859,11,
1859,12,
1860,1,
1860,2,
1860,3,
1860,4,
1860,5,
1860,6,
1860,7,
1860,8,
1860,9,
1860,10,
1860,11,
1860,12,
1861,1,
1861,2,
1861,3,
1861,4,
1861,5,
1861,6,
1861,7,
1861,8,
1861,9,
1861,10,
1861,11,
1861,12,
1862,1,
1862,2,
1862,3,
1862,4,
1862,5,
1862,6,
1862,7,
1862,8,
1862,9,
1862,10,
1862,11,
1862,12,
1863,1,
1863,2,
1863,3,
1863,4,
1863,5,
1863,6,
1863,7,
1863,8,
1863,9,
1863,10,
1863,11,
1863,12,
1864,1,
1864,2,
1864,3,
1864,4,
1864,5,
1864,6,
1864,7,
1864,8,
1864,9,
1864,10,
1864,11,
1864,12,
1865,1,
1865,2,
1865,3,
1865,4,
1865,5,
1865,6,
1865,7,
1865,8,
1865,9,
1865,10,
1865,11,
1865,12,
1866,1,
1866,2,
1866,3,
1866,4,
1866,5,
1866,6,
1866,7,
1866,8,
1866,9,
1866,10,
1866,11,
1866,12,
1867,1,
1867,2,
1867,3,
1867,4,
1867,5,
1867,6,
1867,7,
1867,8,
1867,9,
1867,10,
1867,11,
1867,12,
1868,1,
1868,2,
1868,3,
1868,4,
1868,5,
1868,6,
1868,7,
1868,8,
1868,9,
1868,10,
1868,11,
1868,12,
1869,1,
1869,2,
1869,3,
1869,4,
1869,5,
1869,6,
1869,7,
1869,8,
1869,9,
1869,10,
1869,11,
1869,12,
1870,1,13.65
1870,2,16.599
1870,3,22.791
1870,4,29.229
1870,5,33.832
1870,6,33.818
1870,7,31.087
1870,8,29.37
1870,9,29.055
1870,10,25.785
1870,11,19.992
1870,12,13.963
1871,1,13.269
1871,2,16.493
1871,3,22.42
1871,4,29.13
1871,5,33.299
1871,6,33.615
1871,7,31.041
1871,8,29.835
1871,9,28.995
1871,10,26.075
1871,11,19.5
1871,12,14.783
1872,1,13.731
1872,2,16.715
1872,3,23.219
1872,4,28.703
1872,5,33.328
1872,6,33.375
1872,7,31.129
1872,8,29.532
1872,9,28.933
1872,10,26.075
1872,11,19.737
1872,12,14.823
1873,1,13.699
1873,2,17.403
1873,3,22.588
1873,4,28.608
1873,5,33.616
1873,6,33.613
1873,7,31.425
1873,8,29.763
1873,9,28.893
1873,10,25.998
1873,11,20.237
1873,12,15.366
1874,1,14.05
1874,2,17.291
1874,3,21.842
1874,4,29.303
1874,5,34.818
1874,6,33.477
1874,7,31.129
1874,8,29.879
1874,9,29.097
1874,10,26.364
1874,11,20.521
1874,12,14.689
1875,1,14.032
1875,2,16.764
1875,3,25.274
1875,4,30.601
1875,5,33.017
1875,6,34.506
1875,7,30.816
1875,8,29.259
1875,9,28.984
1875,10,24.587
1875,11,20.509
1875,12,16.372
1876,1,14.686
1876,2,17.351
1876,3,22.476
1876,4,28.413
1876,5,33.74
1876,6,35.437
1876,7,30.806
1876,8,29.45
1876,9,28.314
1876,10,24.181
1876,11,19.589
1876,12,14.82
1877,1,14.17
1877,2,14.423
1877,3,22.273
1877,4,26.848
1877,5,31.692
1877,6,34.44
1877,7,32.624
1877,8,31.37
1877,9,30.185
1877,10,25.757
1877,11,22.345
1877,12,15.397
1878,1,12.79
1878,2,17.551
1878,3,23.722
1878,4,28.381
1878,5,30.183
1878,6,35.474
1878,7,32.059
1878,8,29.986
1878,9,29.926
1878,10,27.377
1878,11,20.229
1878,12,14.62
1879,1,14.573
1879,2,17.715
1879,3,23.296
1879,4,30.267
1879,5,34.862
1879,6,33.064
1879,7,30.279
1879,8,28.737
1879,9,28.392
1879,10,25.257
1879,11,18.046
1879,12,13.812
1880,1,14.842
1880,2,15.666
1880,3,26.139
1880,4,31.057
1880,5,33.106
1880,6,34.705
1880,7,29.627
1880,8,30.228
1880,9,29.195
1880,10,26.584
1880,11,19.65
1880,12,14.56
1881,1,14.265
1881,2,19.074
1881,3,21.649
1881,4,29.308
1881,5,33.384
1881,6,33.507
1881,7,30.366
1881,8,29.06
1881,9,29.255
1881,10,26.358
1881,11,19.218
1881,12,15.784
1882,1,15.149
1882,2,16.197
1882,3,24.234
1882,4,28.88
1882,5,32.006
1882,6,32.862
1882,7,29.204
1882,8,29.399
1882,9,28.984
1882,10,26.264
1882,11,19.335
1882,12,16.352
1883,1,14.377
1883,2,15.267
1883,3,22.201
1883,4,30.225
1883,5,32.867
1883,6,33.652
1883,7,30.183
1883,8,31.303
1883,9,29.496
1883,10,25.659
1883,11,18.922
1883,12,13.922
1884,1,15.248
1884,2,16.231
1884,3,24.059
1884,4,29.369
1884,5,33.641
1884,6,33.349
1884,7,30.877
1884,8,28.839
1884,9,28.102
1884,10,24.042
1884,11,18.232
1884,12,14.384
1885,1,14.133
1885,2,14.653
1885,3,23.463
1885,4,27.707
1885,5,29.737
1885,6,33.217
1885,7,30.239
1885,8,28.758
1885,9,29.064
1885,10,26.22
1885,11,20.522
1885,12,15.15
1886,1,14.434
1886,2,15.855
1886,3,22.758
1886,4,28.865
1886,5,32.411
1886,6,32.738
1886,7,30.021
1886,8,29.449
1886,9,29.358
1886,10,26.483
1886,11,20.707
1886,12,15.941
1887,1,13.77
1887,2,16.916
1887,3,23.819
1887,4,29.702
1887,5,35.104
1887,6,33.738
1887,7,29.613
1887,8,28.282
1887,9,28.051
1887,10,24.924
1887,11,19.466
1887,12,15.861
1888,1,12.582
1888,2,16.544
1888,3,24.655
1888,4,29.827
1888,5,33.416
1888,6,34.488
1888,7,30.261
1888,8,28.849
1888,9,28.479
1888,10,25.1
1888,11,20.015
1888,12,14.765
1889,1,15.185
1889,2,16.913
1889,3,24.469
1889,4,29.992
1889,5,32.974
1889,6,33.495
1889,7,30.519
1889,8,29.351
1889,9,29.625
1889,10,24.938
1889,11,19.645
1889,12,15.89
1890,1,15.378
1890,2,18.011
1890,3,23.049
1890,4,29.804
1890,5,33.841
1890,6,33.196
1890,7,29.214
1890,8,28.724
1890,9,29.088
1890,10,25.303
1890,11,19.767
1890,12,15.549
1891,1,13.945
1891,2,15.089
1891,3,20.241
1891,4,28.627
1891,5,32.237
1891,6,34.619
1891,7,32.774
1891,8,29.213
1891,9,28.743
1891,10,24.937
1891,11,20.238
1891,12,15.328
1892,1,15.467
1892,2,18.105
1892,3,25.107
1892,4,32.351
1892,5,34.121
1892,6,33.9
1892,7,30.862
1892,8,28.602
1892,9,28.448
1892,10,24.824
1892,11,19.228
1892,12,14.68
1893,1,12.651
1893,2,12.949
1893,3,20.534
1893,4,29.11
1893,5,31.821
1893,6,31.889
1893,7,28.978
1893,8,29.945
1893,9,28.058
1893,10,24.929
1893,11,19.691
1893,12,15.717
1894,1,14.055
1894,2,17.388
1894,3,22.091
1894,4,29.254
1894,5,34.039
1894,6,32.834
1894,7,29.532
1894,8,28.807
1894,9,28.716
1894,10,25.691
1894,11,19.398
1894,12,14.787
1895,1,13.324
1895,2,17.245
1895,3,23.195
1895,4,28.322
1895,5,34.811
1895,6,32.312
1895,7,31.104
1895,8,29.287
1895,9,29.715
1895,10,25.508
1895,11,21.714
1895,12,15.113
1896,1,14.967
1896,2,17.95
1896,3,24.355
1896,4,30.574
1896,5,34.726
1896,6,33.521
1896,7,31.36
1896,8,29.972
1896,9,30.078
1896,10,26.736
1896,11,20.728
1896,12,14.793
1897,1,14.512
1897,2,17.133
1897,3,22.734
1897,4,29.049
1897,5,34.728
1897,6,34.285
1897,7,31.532
1897,8,29.528
1897,9,29.461
1897,10,25.649
1897,11,20.599
1897,12,15.424
1898,1,15.511
1898,2,16.393
1898,3,23.424
1898,4,31.344
1898,5,33.106
1898,6,34.527
1898,7,30.649
1898,8,30.117
1898,9,29.224
1898,10,26.208
1898,11,20.491
1898,12,15.53
1899,1,12.347
1899,2,17.985
1899,3,25.132
1899,4,28.993
1899,5,34.161
1899,6,32.826
1899,7,30.088
1899,8,31.704
1899,9,31.173
1899,10,27.029
1899,11,21.415
1899,12,17.039
1900,1,14.155
1900,2,17.644
1900,3,25.46
1900,4,28.48
1900,5,33.092
1900,6,35.319
1900,7,32.173
1900,8,30.092
1900,9,28.277
1900,10,25.094
1900,11,21.456
1900,12,15.58
1901,1,12.573
1901,2,15.936
1901,3,23.122
1901,4,28.582
1901,5,33.425
1901,6,35.861
1901,7,32.429
1901,8,29.695
1901,9,29.768
1901,10,27.651
1901,11,20.938
1901,12,16.023
1902,1,15.459
1902,2,18.34
1902,3,25.273
1902,4,29.775
1902,5,33.738
1902,6,33.485
1902,7,30.632
1902,8,30.675
1902,9,28.923
1902,10,25.927
1902,11,20.279
1902,12,14.714
1903,1,14.234
1903,2,16.63
1903,3,21.953
1903,4,28.095
1903,5,32.966
1903,6,35.786
1903,7,32.941
1903,8,29.689
1903,9,29.621
1903,10,25.864
1903,11,19.717
1903,12,14.558
1904,1,14.021
1904,2,17.689
1904,3,22.493
1904,4,30.199
1904,5,32.959
1904,6,34.244
1904,7,29.857
1904,8,28.924
1904,9,28.796
1904,10,25.976
1904,11,19.768
1904,12,15.325
1905,1,12.395
1905,2,11.93
1905,3,19.655
1905,4,26.814
1905,5,34.209
1905,6,35.503
1905,7,31.818
1905,8,31.587
1905,9,30.453
1905,10,26.853
1905,11,21.681
1905,12,15.417
1906,1,13.278
1906,2,15.164
1906,3,21.115
1906,4,29.084
1906,5,35.492
1906,6,33.461
1906,7,31.157
1906,8,29.963
1906,9,28.647
1906,10,26.467
1906,11,21.256
1906,12,16.143
1907,1,15.965
1907,2,15.508
1907,3,20.458
1907,4,27.06
1907,5,32.038
1907,6,34.618
1907,7,33.6
1907,8,29.485
1907,9,30.376
1907,10,27.04
1907,11,21.3
1907,12,14.634
1908,1,13.965
1908,2,17.564
1908,3,22.859
1908,4,30.629
1908,5,33.74
1908,6,35.573
1908,7,29.976
1908,8,28.628
1908,9,29.047
1908,10,25.948
1908,11,19.998
1908,12,14.894
1909,1,13.738
1909,2,16.682
1909,3,23.583
1909,4,27.442
1909,5,32.685
1909,6,32.421
1909,7,29.504
1909,8,29.247
1909,9,28.571
1909,10,26.132
1909,11,21.512
1909,12,14.491
1910,1,13.859
1910,2,17.381
1910,3,23.194
1910,4,28.227
1910,5,33.654
1910,6,33.386
1910,7,30.691
1910,8,29.558
1910,9,29.124
1910,10,24.919
1910,11,19.567
1910,12,14.899
1911,1,15.391
1911,2,17.546
1911,3,20.775
1911,4,28.73
1911,5,34.775
1911,6,34.073
1911,7,33.8
1911,8,31.724
1911,9,28.815
1911,10,26.313
1911,11,18.347
1911,12,14.757
1912,1,14.767
1912,2,18.235
1912,3,22.126
1912,4,28.923
1912,5,33.638
1912,6,35.429
1912,7,31.596
1912,8,29.703
1912,9,28.102
1912,10,25.985
1912,11,19.198
1912,12,14.884
1913,1,14.685
1913,2,16.926
1913,3,20.597
1913,4,30.045
1913,5,31.64
1913,6,31.864
1913,7,30.667
1913,8,30.84
1913,9,30.492
1913,10,27.238
1913,11,20.086
1913,12,14.824
1914,1,16.153
1914,2,16.947
1914,3,22.276
1914,4,28.874
1914,5,33.541
1914,6,33.95
1914,7,30.563
1914,8,29.994
1914,9,29.123
1914,10,25.085
1914,11,20.85
1914,12,14.409
1915,1,14.093
1915,2,15.245
1915,3,22.535
1915,4,28.699
1915,5,35.085
1915,6,34.449
1915,7,32.546
1915,8,30.871
1915,9,30.432
1915,10,27.861
1915,11,20.709
1915,12,15.79
1916,1,15.089
1916,2,16.555
1916,3,25.577
1916,4,30.591
1916,5,33.456
1916,6,32.565
1916,7,30.683
1916,8,29.086
1916,9,28.814
1916,10,25.352
1916,11,18.657
1916,12,14.285
1917,1,14.611
1917,2,17.353
1917,3,22.47
1917,4,26.277
1917,5,29.033
1917,6,32.597
1917,7,30.041
1917,8,29.157
1917,9,27.884
1917,10,24.681
1917,11,18.185
1917,12,14.957
1918,1,13.314
1918,2,17.76
1918,3,22.714
1918,4,26.967
1918,5,34.871
1918,6,33.126
1918,7,33.338
1918,8,31.239
1918,9,30.252
1918,10,26.778
1918,11,20.259
1918,12,14.345
1919,1,14.202
1919,2,16.225
1919,3,23.403
1919,4,28.144
1919,5,32.674
1919,6,35.523
1919,7,30.627
1919,8,29.307
1919,9,29.08
1919,10,25.934
1919,11,19.746
1919,12,14.321
1920,1,14.168
1920,2,16.588
1920,3,22.84
1920,4,28.655
1920,5,30.247
1920,6,32.542
1920,7,30.082
1920,8,30.009
1920,9,30.795
1920,10,27.419
1920,11,21.457
1920,12,15.546
1921,1,14.914
1921,2,17.695
1921,3,25.487
1921,4,31.617
1921,5,35.984
1921,6,34.709
1921,7,32.537
1921,8,29.021
1921,9,28.462
1921,10,25.209
1921,11,20.104
1921,12,16.542
1922,1,13.841
1922,2,18.445
1922,3,23.939
1922,4,29.738
1922,5,33.743
1922,6,33.048
1922,7,30.805
1922,8,29.01
1922,9,28.342
1922,10,25.439
1922,11,19.813
1922,12,14.672
1923,1,14.058
1923,2,16.265
1923,3,23.142
1923,4,29.969
1923,5,33.007
1923,6,36.076
1923,7,31.201
1923,8,28.846
1923,9,28.94
1923,10,25.231
1923,11,19.826
1923,12,15.265
1924,1,13.268
1924,2,16.863
1924,3,24.374
1924,4,29.744
1924,5,31.012
1924,6,35.724
1924,7,31.091
1924,8,29.531
1924,9,27.96
1924,10,25.33
1924,11,19.656
1924,12,15.281
1925,1,12.536
1925,2,15.365
1925,3,23.489
1925,4,30.742
1925,5,33.162
1925,6,31.124
1925,7,29.286
1925,8,30.413
1925,9,30.405
1925,10,26.824
1925,11,19.333
1925,12,15.141
1926,1,14.672
1926,2,18.826
1926,3,21.582
1926,4,26.2
1926,5,31.388
1926,6,35.985
1926,7,31.673
1926,8,29.396
1926,9,28.632
1926,10,25.788
1926,11,18.346
1926,12,14.662
1927,1,12.899
1927,2,15.386
1927,3,21.813
1927,4,28.526
1927,5,32.418
1927,6,34.517
1927,7,30.752
1927,8,28.95
1927,9,29.108
1927,10,26.162
1927,11,19.53
1927,12,16.126
1928,1,13.881
1928,2,17.585
1928,3,23.429
1928,4,28.854
1928,5,34.845
1928,6,33.771
1928,7,31.163
1928,8,31.198
1928,9,30.055
1928,10,27.01
1928,11,20.95
1928,12,14.839
1929,1,14.086
1929,2,16.121
1929,3,25.219
1929,4,29.946
1929,5,34.533
1929,6,34.174
1929,7,30.887
1929,8,29.497
1929,9,30.276
1929,10,26.211
1929,11,20.893
1929,12,14.007
1930,1,13.907
1930,2,17.105
1930,3,23.644
1930,4,28.849
1930,5,33.11
1930,6,33.236
1930,7,29.701
1930,8,29.75
1930,9,29.68
1930,10,26.358
1930,11,19.379
1930,12,14.827
1931,1,15.599
1931,2,15.709
1931,3,22.543
1931,4,30.561
1931,5,33.743
1931,6,35.372
1931,7,31.704
1931,8,30.383
1931,9,28.991
1931,10,25.772
1931,11,20.022
1931,12,16.026
1932,1,16.573
1932,2,16.633
1932,3,23.857
1932,4,28.958
1932,5,32.769
1932,6,35.955
1932,7,31.917
1932,8,29.49
1932,9,29.599
1932,10,26.318
1932,11,19.935
1932,12,15.253
1933,1,12.733
1933,2,17.679
1933,3,23.227
1933,4,27.4
1933,5,30.856
1933,6,33.464
1933,7,30.355
1933,8,28.89
1933,9,28.354
1933,10,25.374
1933,11,20.005
1933,12,15.834
1934,1,13.04
1934,2,18.53
1934,3,22.149
1934,4,28.959
1934,5,32.802
1934,6,33.27
1934,7,30.695
1934,8,28.99
1934,9,29.581
1934,10,25.15
1934,11,19.794
1934,12,15.964
1935,1,12.623
1935,2,17.45
1935,3,22.927
1935,4,26.072
1935,5,33.716
1935,6,35.423
1935,7,30.651
1935,8,29.401
1935,9,28.887
1935,10,25.434
1935,11,20.534
1935,12,15.018
1936,1,12.961
1936,2,17.231
1936,3,22.591
1936,4,28.537
1936,5,34.892
1936,6,31.698
1936,7,30.136
1936,8,29.403
1936,9,28.876
1936,10,25.928
1936,11,20.285
1936,12,15.166
1937,1,13.454
1937,2,17.343
1937,3,21.44
1937,4,27.415
1937,5,33.183
1937,6,34.451
1937,7,30.547
1937,8,30.743
1937,9,29.591
1937,10,25.508
1937,11,20.226
1937,12,14.21
1938,1,13.727
1938,2,15.7
1938,3,24.366
1938,4,29.908
1938,5,35.048
1938,6,32.261
1938,7,31.217
1938,8,30.426
1938,9,30.637
1938,10,27.072
1938,11,19.117
1938,12,15.034
1939,1,15.226
1939,2,17.431
1939,3,20.569
1939,4,27.547
1939,5,34.587
1939,6,32.78
1939,7,31.007
1939,8,31.26
1939,9,29.725
1939,10,27.169
1939,11,20.082
1939,12,15.734
1940,1,14.548
1940,2,16.684
1940,3,21.338
1940,4,27.724
1940,5,34.134
1940,6,34.521
1940,7,31.476
1940,8,29.225
1940,9,29.086
1940,10,26.291
1940,11,21.232
1940,12,15.212
1941,1,13.635
1941,2,18.126
1941,3,25.213
1941,4,31.396
1941,5,34.601
1941,6,33.059
1941,7,32.865
1941,8,30.75
1941,9,29.949
1941,10,28.573
1941,11,20.817
1941,12,16.578
1942,1,13.182
1942,2,18.057
1942,3,24.512
1942,4,30.536
1942,5,34.229
1942,6,35.284
1942,7,30.026
1942,8,28.834
1942,9,28.315
1942,10,26.325
1942,11,21.346
1942,12,14.682
1943,1,14.865
1943,2,17.697
1943,3,24.117
1943,4,28.059
1943,5,34.127
1943,6,33.992
1943,7,30.606
1943,8,28.68
1943,9,29.318
1943,10,25.668
1943,11,20.637
1943,12,16.215
1944,1,13.622
1944,2,16.677
1944,3,21.738
1944,4,27.867
1944,5,34.627
1944,6,33.219
1944,7,30.356
1944,8,29.768
1944,9,29.035
1944,10,25.104
1944,11,20.498
1944,12,16.065
1945,1,12.287
1945,2,16.28
1945,3,23.756
1945,4,27.743
1945,5,33.366
1945,6,34.749
1945,7,30.598
1945,8,29.88
1945,9,28.513
1945,10,25.144
1945,11,19.915
1945,12,13.815
1946,1,14.829
1946,2,19.112
1946,3,22.658
1946,4,30.555
1946,5,33.38
1946,6,33.838
1946,7,30.605
1946,8,29.782
1946,9,29.44
1946,10,26.511
1946,11,19.977
1946,12,15.11
1947,1,13.358
1947,2,17.564
1947,3,24.124
1947,4,30.35
1947,5,34.364
1947,6,35.824
1947,7,31.961
1947,8,30.392
1947,9,28.806
1947,10,25.11
1947,11,21.244
1947,12,15.672
1948,1,14.335
1948,2,16.529
1948,3,21.974
1948,4,30.723
1948,5,34.851
1948,6,35.558
1948,7,31.266
1948,8,29.225
1948,9,29.338
1948,10,26.703
1948,11,19.701
1948,12,15.437
1949,1,16.079
1949,2,17.434
1949,3,23.45
1949,4,30.312
1949,5,34.653
1949,6,34.686
1949,7,30.67
1949,8,29.877
1949,9,30.167
1949,10,26.114
1949,11,19.051
1949,12,14.465
1950,1,15.411
1950,2,15.263
1950,3,21.869
1950,4,27.849
1950,5,33.813
1950,6,34.58
1950,7,30.479
1950,8,29.343
1950,9,28.515
1950,10,25.328
1950,11,19.155
1950,12,13.737
1951,1,13.498
1951,2,16.824
1951,3,22.905
1951,4,27.014
1951,5,33.145
1951,6,34.052
1951,7,32.602
1951,8,30.117
1951,9,29.828
1951,10,29.05
1951,11,21.784
1951,12,15.808
1952,1,15.657
1952,2,19.324
1952,3,22.923
1952,4,30.962
1952,5,34.3
1952,6,33.305
1952,7,30.936
1952,8,29.111
1952,9,30.253
1952,10,26.726
1952,11,20.568
1952,12,15.803
1953,1,13.775
1953,2,19.373
1953,3,26.491
1953,4,29.971
1953,5,34.454
1953,6,34.983
1953,7,30.84
1953,8,29.489
1953,9,29.487
1953,10,26.251
1953,11,20.336
1953,12,17.714
1954,1,13.54
1954,2,18.327
1954,3,23.308
1954,4,30.004
1954,5,35.108
1954,6,34.934
1954,7,31.429
1954,8,30.696
1954,9,29.629
1954,10,24.113
1954,11,20.498
1954,12,15.441
1955,1,14.146
1955,2,17.543
1955,3,25.207
1955,4,27.478
1955,5,32.455
1955,6,34.83
1955,7,31.606
1955,8,29.311
1955,9,28.955
1955,10,24.734
1955,11,19.732
1955,12,15.57
1956,1,14.414
1956,2,17.617
1956,3,23.429
1956,4,30.016
1956,5,35.164
1956,6,33.824
1956,7,29.771
1956,8,29.278
1956,9,30.162
1956,10,24.827
1956,11,19.198
1956,12,15.686
1957,1,13.654
1957,2,15.933
1957,3,22.022
1957,4,27.884
1957,5,32.32
1957,6,33.887
1957,7,30.724
1957,8,29.822
1957,9,27.987
1957,10,25.412
1957,11,20.768
1957,12,14.812
1958,1,15.257
1958,2,17.528
1958,3,24.464
1958,4,30.84
1958,5,33.701
1958,6,34.937
1958,7,30.371
1958,8,29.39
1958,9,28.542
1958,10,25.109
1958,11,19.409
1958,12,15.261
1959,1,14.374
1959,2,16.734
1959,3,24.317
1959,4,29.446
1959,5,33.192
1959,6,34.812
1959,7,30.627
1959,8,29.739
1959,9,29.4
1959,10,26.875
1959,11,20.47
1959,12,16.158
1960,1,13.952
1960,2,20.036
1960,3,22.637
1960,4,28.174
1960,5,33.752
1960,6,35.055
1960,7,30.975
1960,8,29.552
1960,9,29.994
1960,10,25.709
1960,11,19.803
1960,12,15.98
1961,1,14.654
1961,2,15.556
1961,3,23.744
1961,4,29.015
1961,5,33.62
1961,6,34.158
1961,7,31.129
1961,8,29.233
1961,9,29.49
1961,10,25.09
1961,11,18.735
1961,12,12.577
1962,1,12.75
1962,2,17.733
1962,3,22.986
1962,4,30.117
1962,5,33.674
1962,6,34.69
1962,7,31.599
1962,8,29.89
1962,9,28.349
1962,10,24.651
1962,11,19.705
1962,12,14.802
1963,1,13.776
1963,2,19.275
1963,3,23.142
1963,4,28.82
1963,5,33.198
1963,6,34.23
1963,7,32.463
1963,8,29.468
1963,9,28.638
1963,10,26.941
1963,11,21.947
1963,12,15.554
1964,1,12.891
1964,2,17.375
1964,3,25.096
1964,4,30.231
1964,5,31.934
1964,6,34.501
1964,7,29.881
1964,8,29.997
1964,9,28.74
1964,10,26.134
1964,11,19.581
1964,12,15.497
1965,1,16.116
1965,2,17.49
1965,3,22.495
1965,4,27.244
1965,5,32.423
1965,6,35.6
1965,7,31.337
1965,8,30.0
1965,9,29.128
1965,10,26.635
1965,11,21.529
1965,12,14.959
1966,1,15.342
1966,2,19.507
1966,3,23.253
1966,4,29.466
1966,5,33.497
1966,6,33.533
1966,7,32.449
1966,8,29.485
1966,9,29.052
1966,10,26.672
1966,11,20.634
1966,12,14.768
1967,1,13.335
1967,2,19.474
1967,3,22.127
1967,4,28.146
1967,5,32.894
1967,6,34.926
1967,7,30.991
1967,8,29.019
1967,9,28.7
1967,10,25.793
1967,11,20.48
1967,12,15.874
1968,1,13.539
1968,2,15.927
1968,3,22.931
1968,4,28.558
1968,5,32.985
1968,6,34.827
1968,7,30.652
1968,8,29.808
1968,9,30.653
1968,10,26.051
1968,11,20.749
1968,12,15.826
1969,1,14.691
1969,2,18.082
1969,3,25.717
1969,4,29.844
1969,5,32.449
1969,6,35.659
1969,7,31.257
1969,8,30.121
1969,9,29.21
1969,10,27.258
1969,11,21.816
1969,12,16.069
1970,1,15.156
1970,2,16.842
1970,3,22.762
1970,4,30.495
1970,5,34.228
1970,6,32.828
1970,7,31.969
1970,8,29.927
1970,9,29.585
1970,10,26.989
1970,11,20.273
1970,12,15.989
1971,1,13.739
1971,2,17.828
1971,3,23.409
1971,4,30.023
1971,5,31.728
1971,6,32.157
1971,7,29.961
1971,8,28.873
1971,9,29.056
1971,10,26.218
1971,11,20.545
1971,12,16.024
1972,1,15.065
1972,2,15.53
1972,3,24.043
1972,4,28.472
1972,5,34.428
1972,6,35.371
1972,7,32.219
1972,8,29.722
1972,9,28.714
1972,10,25.999
1972,11,21.247
1972,12,16.39
1973,1,14.63
1973,2,19.003
1973,3,23.507
1973,4,31.515
1973,5,34.425
1973,6,34.111
1973,7,31.468
1973,8,29.312
1973,9,29.69
1973,10,26.135
1973,11,20.334
1973,12,13.996
1974,1,14.485
1974,2,16.732
1974,3,25.173
1974,4,31.201
1974,5,33.653
1974,6,33.847
1974,7,30.446
1974,8,30.203
1974,9,30.485
1974,10,26.692
1974,11,20.162
1974,12,14.549
1975,1,13.569
1975,2,16.742
1975,3,22.954
1975,4,30.345
1975,5,34.914
1975,6,32.978
1975,7,30.194
1975,8,29.468
1975,9,28.227
1975,10,26.713
1975,11,19.343
1975,12,15.804
1976,1,15.75
1976,2,18.093
1976,3,23.221
1976,4,28.781
1976,5,32.874
1976,6,32.641
1976,7,31.064
1976,8,28.655
1976,9,29.09
1976,10,27.225
1976,11,21.825
1976,12,15.829
1977,1,14.605
1977,2,18.177
1977,3,25.294
1977,4,28.899
1977,5,32.085
1977,6,33.149
1977,7,29.166
1977,8,29.713
1977,9,28.405
1977,10,26.834
1977,11,22.675
1977,12,16.852
1978,1,14.403
1978,2,16.556
1978,3,21.502
1978,4,29.264
1978,5,35.729
1978,6,33.511
1978,7,29.676
1978,8,29.153
1978,9,28.931
1978,10,26.57
1978,11,21.233
1978,12,15.974
1979,1,15.478
1979,2,16.825
1979,3,22.054
1979,4,30.059
1979,5,32.078
1979,6,34.563
1979,7,31.445
1979,8,30.836
1979,9,30.175
1979,10,27.625
1979,11,22.623
1979,12,16.67
1980,1,14.86
1980,2,19.014
1980,3,22.789
1980,4,31.219
1980,5,35.491
1980,6,33.502
1980,7,30.151
1980,8,30.411
1980,9,29.843
1980,10,27.371
1980,11,21.199
1980,12,16.063
1981,1,15.058
1981,2,18.69
1981,3,22.636
1981,4,29.954
1981,5,33.773
1981,6,35.143
1981,7,30.413
1981,8,30.496
1981,9,30.542
1981,10,26.489
1981,11,19.784
1981,12,15.628
1982,1,15.134
1982,2,16.434
1982,3,20.825
1982,4,28.028
1982,5,30.664
1982,6,34.048
1982,7,32.452
1982,8,29.801
1982,9,30.01
1982,10,26.851
1982,11,21.002
1982,12,16.271
1983,1,14.011
1983,2,16.6
1983,3,22.475
1983,4,26.148
1983,5,31.517
1983,6,33.27
1983,7,31.01
1983,8,29.831
1983,9,29.783
1983,10,25.61
1983,11,20.084
1983,12,15.919
1984,1,13.927
1984,2,15.793
1984,3,25.027
1984,4,29.722
1984,5,35.852
1984,6,34.525
1984,7,30.565
1984,8,29.735
1984,9,28.558
1984,10,25.808
1984,11,20.382
1984,12,15.961
1985,1,14.424
1985,2,18.444
1985,3,25.574
1985,4,29.919
1985,5,34.638
1985,6,34.542
1985,7,30.457
1985,8,29.928
1985,9,29.178
1985,10,24.655
1985,11,20.982
1985,12,16.828
1986,1,14.654
1986,2,17.075
1986,3,23.185
1986,4,29.34
1986,5,31.898
1986,6,34.127
1986,7,30.432
1986,8,30.396
1986,9,29.931
1986,10,26.192
1986,11,21.843
1986,12,14.881
1987,1,15.282
1987,2,19.349
1987,3,24.396
1987,4,30.02
1987,5,30.904
1987,6,35.285
1987,7,34.201
1987,8,32.059
1987,9,31.252
1987,10,27.619
1987,11,21.181
1987,12,15.894
1988,1,15.658
1988,2,19.267
1988,3,23.584
1988,4,30.686
1988,5,36.061
1988,6,33.733
1988,7,30.381
1988,8,29.482
1988,9,30.205
1988,10,25.94
1988,11,20.455
1988,12,16.011
1989,1,13.418
1989,2,16.989
1989,3,22.788
1989,4,28.088
1989,5,33.861
1989,6,33.243
1989,7,31.548
1989,8,29.917
1989,9,29.544
1989,10,26.568
1989,11,20.799
1989,12,15.281
1990,1,16.707
1990,2,17.298
1990,3,21.701
1990,4,29.176
1990,5,33.012
1990,6,34.486
1990,7,30.162
1990,8,30.039
1990,9,28.927
1990,10,25.524
1990,11,20.932
1990,12,15.963
1991,1,13.853
1991,2,18.159
1991,3,23.454
1991,4,28.189
1991,5,33.734
1991,6,33.941
1991,7,32.906
1991,8,29.883
1991,9,29.533
1991,10,25.693
1991,11,20.118
1991,12,15.597
1992,1,14.987
1992,2,16.582
1992,3,23.209
1992,4,28.768
1992,5,32.879
1992,6,34.966
1992,7,31.125
1992,8,29.828
1992,9,28.713
1992,10,25.686
1992,11,20.528
1992,12,16.683
1993,1,14.6
1993,2,19.193
1993,3,21.666
1993,4,28.966
1993,5,34.391
1993,6,34.197
1993,7,30.968
1993,8,31.38
1993,9,28.622
1993,10,26.545
1993,11,21.444
1993,12,16.023
1994,1,15.822
1994,2,17.435
1994,3,25.023
1994,4,28.1
1994,5,34.136
1994,6,34.86
1994,7,30.195
1994,8,29.425
1994,9,29.089
1994,10,25.833
1994,11,20.816
1994,12,16.589
1995,1,13.766
1995,2,17.706
1995,3,22.136
1995,4,28.838
1995,5,34.841
1995,6,36.117
1995,7,31.729
1995,8,29.089
1995,9,29.725
1995,10,27.058
1995,11,20.839
1995,12,16.432
1996,1,14.518
1996,2,18.218
1996,3,24.387
1996,4,29.703
1996,5,33.586
1996,6,32.96
1996,7,31.301
1996,8,29.167
1996,9,29.33
1996,10,26.167
1996,11,20.67
1996,12,15.173
1997,1,14.061
1997,2,17.313
1997,3,22.742
1997,4,27.314
1997,5,31.436
1997,6,32.643
1997,7,31.705
1997,8,29.968
1997,9,29.892
1997,10,24.33
1997,11,20.292
1997,12,13.897
1998,1,14.387
1998,2,17.965
1998,3,21.328
1998,4,29.718
1998,5,35.089
1998,6,34.081
1998,7,31.083
1998,8,30.292
1998,9,29.983
1998,10,26.458
1998,11,21.311
1998,12,15.718
1999,1,13.949
1999,2,18.637
1999,3,24.266
1999,4,31.032
1999,5,34.12
1999,6,33.718
1999,7,31.641
1999,8,31.192
1999,9,29.734
1999,10,26.72
1999,11,22.175
1999,12,15.936
2000,1,15.158
2000,2,16.316
2000,3,22.558
2000,4,30.772
2000,5,34.041
2000,6,32.542
2000,7,30.397
2000,8,30.38
2000,9,29.9
2000,10,27.88
2000,11,22.372
2000,12,16.762
2001,1,13.894
2001,2,18.909
2001,3,23.658
2001,4,28.738
2001,5,33.244
2001,6,31.44
2001,7,30.655
2001,8,30.713
2001,9,30.765
2001,10,27.556
2001,11,21.786
2001,12,16.866
2002,1,15.045
2002,2,17.891
2002,3,24.369
2002,4,30.782
2002,5,35.122
2002,6,34.388
2002,7,34.661
2002,8,31.017
2002,9,29.232
2002,10,27.613
2002,11,21.912
2002,12,17.698
2003,1,13.451
2003,2,18.594
2003,3,23.969
2003,4,30.685
2003,5,34.179
2003,6,35.192
2003,7,30.441
2003,8,29.951
2003,9,28.92
2003,10,26.263
2003,11,21.088
2003,12,16.078
2004,1,14.315
2004,2,18.92
2004,3,26.468
2004,4,31.131
2004,5,33.911
2004,6,32.906
2004,7,32.714
2004,8,29.828
2004,9,30.43
2004,10,25.456
2004,11,21.706
2004,12,16.941
2005,1,14.647
2005,2,17.942
2005,3,24.56
2005,4,29.193
2005,5,33.07
2005,6,35.102
2005,7,30.525
2005,8,31.291
2005,9,29.542
2005,10,26.198
2005,11,21.456
2005,12,15.44
2006,1,15.394
2006,2,22.363
2006,3,23.599
2006,4,30.444
2006,5,34.066
2006,6,32.878
2006,7,31.426
2006,8,30.533
2006,9,29.897
2006,10,27.529
2006,11,22.016
2006,12,16.692
2007,1,15.324
2007,2,18.673
2007,3,22.907
2007,4,31.301
2007,5,33.749
2007,6,34.426
2007,7,31.874
2007,8,30.896
2007,9,30.314
2007,10,26.9
2007,11,22.121
2007,12,15.888
2008,1,14.492
2008,2,16.923
2008,3,26.147
2008,4,29.546
2008,5,32.103
2008,6,30.944
2008,7,30.739
2008,8,29.92
2008,9,29.355
2008,10,27.88
2008,11,21.967
2008,12,17.967
2009,1,16.187
2009,2,19.596
2009,3,24.718
2009,4,30.098
2009,5,33.97
2009,6,35.548
2009,7,32.22
2009,8,31.453
2009,9,30.108
2009,10,26.744
2009,11,21.414
2009,12,17.022
2010,1,14.146
2010,2,19.44
2010,3,27.08
2010,4,32.776
2010,5,35.384
2010,6,34.84
2010,7,31.258
2010,8,29.888
2010,9,28.396
2010,10,27.205
2010,11,21.863
2010,12,15.57
2011,1,13.451
2011,2,18.339
2011,3,24.058
2011,4,28.94
2011,5,34.085
2011,6,32.626
2011,7,30.906
2011,8,30.143
2011,9,29.43
2011,10,26.878
2011,11,22.739
2011,12,16.326
2012,1,13.844
2012,2,17.239
2012,3,23.901
2012,4,29.312
2012,5,34.203
2012,6,36.335
2012,7,32.098
2012,8,29.41
2012,9,29.409
2012,10,26.139
2012,11,20.641
2012,12,16.08
2013,1,13.402
2013,2,17.78
2013,3,24.107
2013,4,29.562
2013,5,34.789
2013,6,32.828
2013,7,30.657
2013,8,29.605
2013,9,30.165
2013,10,26.846
2013,11,20.316
2013,12,16.679
2014,1,13.99
2014,2,16.797
2014,3,22.637
2014,4,28.861
2014,5,32.826
2014,6,35.647
2014,7,32.215
2014,8,31.355
2014,9,30.0
2014,10,27.429
2014,11,21.959
2014,12,15.217
2015,1,13.495
2015,2,19.885
2015,3,22.773
2015,4,28.727
2015,5,34.525
2015,6,33.481
2015,7,30.627
2015,8,30.659
2015,9,31.127
2015,10,28.158
2015,11,22.736
2015,12,16.484
2016,1,15.766
2016,2,19.447
2016,3,25.678
2016,4,31.878
2016,5,34.291
2016,6,34.765
2016,7,31.002
2016,8,30.353
2016,9,30.765
2016,10,27.985
2016,11,21.877
2016,12,17.181
2017,1,15.238
2017,2,19.39
2017,3,24.37
2017,4,31.633
2017,5,34.415
2017,6,33.481
2017,7,31.337
2017,8,30.892
2017,9,30.541
2017,10,28.227
2017,11,21.042
2017,12,16.721
2018,1,14.753
2018,2,19.818
2018,3,26.062
2018,4,30.955
2018,5,34.632
2018,6,35.053
2018,7,31.686
2018,8,30.691
2018,9,29.081
2018,10,26.867
2018,11,21.815
2018,12,15.465
2019,1,14.588
2019,2,17.377
2019,3,22.791
2019,4,30.864
2019,5,33.791
2019,6,35.679
2019,7,31.852
2019,8,30.66
2019,9,30.553
2019,10,26.695
2019,11,22.186
2019,12,13.685
2020,1,14.063
2020,2,17.914
2020,3,22.584
2020,4,29.049
2020,5,32.965
2020,6,33.42
2020,7,31.88
2020,8,30.665
2020,9,31.388
2020,10,27.442
2020,11,19.989
2020,12,15.984
